<?xml version="1.0" encoding="UTF-8"?>
<project-private xmlns="http://www.netbeans.org/ns/project-private/1">
    <editor-bookmarks xmlns="http://www.netbeans.org/ns/editor-bookmarks/2" lastBookmarkId="0"/>
    <open-files xmlns="http://www.netbeans.org/ns/projectui-open-files/2">
        <group>
            <file>file:/E:/SWP391/SWP391_SE1801_G5/src/java/controller/LoginController.java</file>
            <file>file:/E:/SWP391/SWP391_SE1801_G5/web/OrderReturn.jsp</file>
            <file>file:/E:/SWP391/SWP391_SE1801_G5/src/java/controller/Product/ListProduct.java</file>
            <file>file:/E:/SWP391/SWP391_SE1801_G5/src/java/background/BackgroundJobManager.java</file>
            <file>file:/E:/SWP391/SWP391_SE1801_G5/src/java/background/OrderQueue.java</file>
            <file>file:/E:/SWP391/SWP391_SE1801_G5/web/home.jsp</file>
            <file>file:/E:/SWP391/SWP391_SE1801_G5/src/java/controller/order/OrderReturn.java</file>
            <file>file:/E:/SWP391/SWP391_SE1801_G5/src/java/background/SomeFiveSecondelyJob.java</file>
        </group>
    </open-files>
</project-private>
